{"name": "test", "x": [-115.670237], "y": [40.511426]}